subset,score
subset_1,0.6417473541995046
subset_2,0.6491499662238235
subset_3,0.6575095699166854
subset_4,0.6551452375591084
subset_5,0.6520490880432335
subset_6,0.6512544332063576
subset_7,0.65189313517339
subset_8,0.652519949896556
subset_9,0.6530325018139965
subset_10,0.6535832911107358
