subset,score
subset_1,0.7490430083314569
subset_2,0.7524487727989192
subset_3,0.7606019665240561
subset_4,0.7594151092096375
subset_5,0.7558883134429183
subset_6,0.7549117111707417
