subset,score
subset_1,0.7017272492910543
subset_2,0.7155257936507936
subset_3,0.7024047226321729
subset_4,0.6954397394136808
subset_5,0.6932313191109125
subset_6,0.6890756302521008
subset_7,0.6870667377661102
subset_8,0.6854212560037557
subset_9,0.6835443037974683
subset_10,0.6823947528099628
