subset,score
subset_1,0.5948717948717949
subset_2,0.5860215053763441
subset_3,0.5620805369127517
subset_4,0.6340394448502557
subset_5,0.64501953125
subset_6,0.6572349570200573
subset_7,0.6616886846639862
subset_8,0.6661033317238049
subset_9,0.6662481690730279
subset_10,0.6644688644688644
