subset,score
subset_1,0.6168655708173835
subset_2,0.6149515874802972
subset_3,0.6369436313142686
subset_4,0.6343728889889665
subset_5,0.6269083539743301
subset_6,0.624458163667411
subset_7,0.6238982178472624
subset_8,0.6230560285983703
subset_9,0.6204118397678084
subset_10,0.6187693520238698
