subset,score
subset_1,0.3119103773584906
subset_2,0.29394473838918284
subset_3,0.29901558654634947
subset_4,0.3046712288009521
subset_5,0.3157172271791352
subset_6,0.3212703101920236
subset_7,0.32285197704582974
subset_8,0.32447830862163646
subset_9,0.3308881005351452
subset_10,0.3332974717590102
