subset,score
subset_1,0.052915766738660906
subset_2,0.05630293971101146
subset_3,0.06252100840336135
subset_4,0.06384488058642705
subset_5,0.0623458964424093
subset_6,0.06856745479833101
subset_7,0.06707742385491747
subset_8,0.06735648194209531
subset_9,0.06539366989275439
subset_10,0.06473818547451465
