subset,score
subset_1,0.6491345992270207
subset_2,0.6453558504221955
subset_3,0.6619592019726519
subset_4,0.6701463164199538
subset_5,0.6726435667555125
subset_6,0.6747894015798525
subset_7,0.6756376075255295
subset_8,0.6767902107169678
subset_9,0.6777490578323238
subset_10,0.6763417500623241
