subset,score
subset_1,0.07980652962515115
subset_2,0.08460133901399879
subset_3,0.11632415664986429
subset_4,0.11503067484662577
subset_5,0.10841086007214733
subset_6,0.10285194174757281
subset_7,0.1021907053311384
subset_8,0.10223292469352015
subset_9,0.09967908197996693
subset_10,0.09697446659671213
