subset,compre_score
subset_1,0.4108527131782946
subset_2,0.43410852713178294
subset_3,0.4418604651162791
subset_4,0.46511627906976744
subset_5,0.49612403100775193
subset_6,0.49612403100775193
subset_7,0.49612403100775193
subset_8,0.49612403100775193
subset_9,0.49612403100775193
subset_10,0.5038759689922481
